{
  "asof": "2026-05-17",
  "universe_size": 885,
  "valid_scored_score": 856,
  "valid_scored_parsi": 855,
  "top": [
    {
      "stock_id": "2633",
      "stock_name": "台灣高鐵",
      "industry_category": "航運業",
      "composite_score": 0.4347615990696011,
      "composite_parsi": 1.7283848554557413,
      "f_score": 1.2101231547045421,
      "eps_yoy": -0.19730088913315075,
      "dist_52w_high": -1.5659723156003846,
      "turnover_log": 0.3912149832778366,
      "stealth_volume_20d": -0.10447647341337615,
      "revenue_score_6m_delta": -0.3927148568393084,
      "f_score_4q_delta": 0.03799658781448624,
      "capex_intensity": NaN,
      "low52w_prox_adj": -0.5487696709420335,
      "z_score": -1.4397786322878994,
      "upper_half_close_20d_pct": 2.1387565824360544,
      "debt_ratio": 1.8460778415880092,
      "Close": 26.899999618530273
    },
    {
      "stock_id": "3045",
      "stock_name": "台灣大",
      "industry_category": "通信網路業",
      "composite_score": 0.4186237574191019,
      "composite_parsi": 2.040193866096053,
      "f_score": 1.4584171768747138,
      "eps_yoy": NaN,
      "dist_52w_high": -0.7878654336587886,
      "turnover_log": 1.001322066333537,
      "stealth_volume_20d": -0.25852918710828193,
      "revenue_score_6m_delta": 0.07184209425075885,
      "f_score_4q_delta": 1.2936710376978957,
      "capex_intensity": 0.3117506229442851,
      "low52w_prox_adj": -0.5557541292599407,
      "z_score": -0.9853531373135236,
      "upper_half_close_20d_pct": 3.233517827752744,
      "debt_ratio": 1.3080887894425322,
      "Close": 110.0
    },
    {
      "stock_id": "2347",
      "stock_name": "聯強",
      "industry_category": "電子工業",
      "composite_score": 0.3468519838482048,
      "composite_parsi": 2.622664955302859,
      "f_score": 1.6278497270572896,
      "eps_yoy": NaN,
      "dist_52w_high": -1.4331548453577072,
      "turnover_log": 0.5478278086717792,
      "stealth_volume_20d": -0.4113583173549757,
      "revenue_score_6m_delta": -0.3120703100327456,
      "f_score_4q_delta": -0.06470141784328153,
      "capex_intensity": -0.8976182367906439,
      "low52w_prox_adj": -0.3662497063320069,
      "z_score": -0.35282652087088406,
      "upper_half_close_20d_pct": 2.0140307628857865,
      "debt_ratio": 1.002326599657291,
      "Close": 82.0
    },
    {
      "stock_id": "6278",
      "stock_name": "台表科",
      "industry_category": "光電業",
      "composite_score": 0.31803863778529284,
      "composite_parsi": 1.5201184779569716,
      "f_score": 1.7171106747302958,
      "eps_yoy": NaN,
      "dist_52w_high": -1.4904537963097142,
      "turnover_log": 0.6374803336370147,
      "stealth_volume_20d": -0.12287022892601489,
      "revenue_score_6m_delta": -1.0320989143382464,
      "f_score_4q_delta": 0.10500348381823771,
      "capex_intensity": NaN,
      "low52w_prox_adj": -0.395832595077098,
      "z_score": -0.712122873547021,
      "upper_half_close_20d_pct": 1.2468994977924086,
      "debt_ratio": 1.2025074216484393,
      "Close": 114.0
    },
    {
      "stock_id": "3209",
      "stock_name": "全科",
      "industry_category": "電子工業",
      "composite_score": 0.3121426027602363,
      "composite_parsi": 5.313034831629841,
      "f_score": 0.3396694312363634,
      "eps_yoy": 0.37969267980895577,
      "dist_52w_high": -1.3281281945916246,
      "turnover_log": -0.13401194407463987,
      "stealth_volume_20d": 1.07786844181938,
      "revenue_score_6m_delta": 1.5764911835046767,
      "f_score_4q_delta": 0.4771729565942013,
      "capex_intensity": NaN,
      "low52w_prox_adj": -0.32991010785161684,
      "z_score": -0.320522483202323,
      "upper_half_close_20d_pct": 1.1425126071483422,
      "debt_ratio": 1.3583933412869191,
      "Close": 45.29999923706055
    },
    {
      "stock_id": "3711",
      "stock_name": "日月光投控",
      "industry_category": "半導體業",
      "composite_score": 0.2909535256779116,
      "composite_parsi": 2.7136718279607037,
      "f_score": 1.4393106880698814,
      "eps_yoy": 0.024713525893362585,
      "dist_52w_high": -1.3147947803051199,
      "turnover_log": 1.5555065817818188,
      "stealth_volume_20d": -0.00032637850904858903,
      "revenue_score_6m_delta": 0.006723109967210973,
      "f_score_4q_delta": 1.4839626840159963,
      "capex_intensity": NaN,
      "low52w_prox_adj": 0.6326831434006022,
      "z_score": -0.9642525371275833,
      "upper_half_close_20d_pct": 1.2204289878607657,
      "debt_ratio": 1.7351574704570019,
      "Close": 417.5
    },
    {
      "stock_id": "5483",
      "stock_name": "中美晶",
      "industry_category": "半導體業",
      "composite_score": 0.28804305852047524,
      "composite_parsi": 2.6644019091592326,
      "f_score": 1.4393106880698814,
      "eps_yoy": 0.7938615920783916,
      "dist_52w_high": -0.6305427562155306,
      "turnover_log": 0.7977799933816164,
      "stealth_volume_20d": -0.2774011720026999,
      "revenue_score_6m_delta": -0.043813913966286096,
      "f_score_4q_delta": 0.9196819521460313,
      "capex_intensity": NaN,
      "low52w_prox_adj": -0.49689670038393713,
      "z_score": -0.9949478164389677,
      "upper_half_close_20d_pct": 0.7810883741827808,
      "debt_ratio": 1.6031086723880434,
      "Close": 120.0
    },
    {
      "stock_id": "4904",
      "stock_name": "遠傳",
      "industry_category": "通信網路業",
      "composite_score": 0.2865634743557272,
      "composite_parsi": 1.3423153792567997,
      "f_score": 0.8949378130822108,
      "eps_yoy": NaN,
      "dist_52w_high": -1.1460168612555155,
      "turnover_log": 0.8642802529298664,
      "stealth_volume_20d": -0.129686102192079,
      "revenue_score_6m_delta": -0.011644342461040439,
      "f_score_4q_delta": 0.18852492509165314,
      "capex_intensity": -0.11844647741040597,
      "low52w_prox_adj": -0.4970647275522674,
      "z_score": -0.7677096527880676,
      "upper_half_close_20d_pct": 1.4652346482084049,
      "debt_ratio": 0.6796447345739172,
      "Close": 94.30000305175781
    },
    {
      "stock_id": "3583",
      "stock_name": "辛耘",
      "industry_category": "半導體業",
      "composite_score": 0.2865192291310384,
      "composite_parsi": 2.5114521599863835,
      "f_score": 0.8004146719191609,
      "eps_yoy": -0.029789554904448193,
      "dist_52w_high": -1.2717763629051186,
      "turnover_log": 0.7833467006386692,
      "stealth_volume_20d": 1.4545537823319095,
      "revenue_score_6m_delta": 0.006723109967210973,
      "f_score_4q_delta": -0.20887951159389895,
      "capex_intensity": NaN,
      "low52w_prox_adj": 0.5493670389524535,
      "z_score": -1.168887732536813,
      "upper_half_close_20d_pct": 0.7810883741827808,
      "debt_ratio": 2.4870056170940846,
      "Close": 702.0
    },
    {
      "stock_id": "2707",
      "stock_name": "晶華",
      "industry_category": "觀光事業",
      "composite_score": 0.28475721677100685,
      "composite_parsi": 0.1135925425331962,
      "f_score": 1.3830211998830855,
      "eps_yoy": -0.2631921983198579,
      "dist_52w_high": -1.0246417698210668,
      "turnover_log": 1.3500570789207158,
      "stealth_volume_20d": -0.004880953619561169,
      "revenue_score_6m_delta": -0.4684160874026749,
      "f_score_4q_delta": -0.20752410890814635,
      "capex_intensity": NaN,
      "low52w_prox_adj": -0.7060105787119383,
      "z_score": -0.329175031066203,
      "upper_half_close_20d_pct": 1.772946883399935,
      "debt_ratio": 0.41121780433052413,
      "Close": 193.5
    }
  ],
  "config": {
    "composite_primary": "composite_score",
    "weights_score": {
      "low52w_prox_adj": -0.066,
      "dist_52w_high": -0.071,
      "f_score": 0.042,
      "z_score": -0.038,
      "upper_half_close_20d_pct": 0.051,
      "revenue_score_6m_delta": 0.031,
      "debt_ratio": 0.046
    },