feature,horizon_d,n,ic_mdd,pvalue,ic_ret,q1_median,q10_median,spread_med,verdict
margin_to_mktcap_pct,20,2482,-0.06351185532161134,0.0015468771828909989,-0.22423486531911327,-1.2496442248141721,-1.4241964352250776,-0.1745522104109054,FAIL
margin_to_mktcap_pct,60,2442,-0.11387421495191223,1.673473337336532e-08,-0.3855974011953113,-1.5108489973571524,-3.109939494417428,-1.5990904970602757,FAIL
margin_to_mktcap_pct,120,2382,-0.12061331861917186,3.5243096903743884e-09,-0.4806612673719988,-1.4230445418921722,-5.739197154635325,-4.316152612743153,FAIL
margin_mktcap_z_252d,20,2363,0.004607225662192415,0.822879357801247,0.035502755831817945,-2.4310956384834603,-1.9495865430463288,0.4815090954371315,FAIL
margin_mktcap_z_252d,60,2323,-0.04290414492425471,0.03866710683022454,-0.01818188680925596,-4.517905706401969,-3.6756813909262207,0.842224315475748,FAIL
margin_mktcap_z_252d,120,2263,-0.12067815964525072,8.47814764659936e-09,-0.19557960077266345,-4.539573885802874,-4.4701557802579845,0.06941810554488903,FAIL
