horizon,bucket,n,mean_%,median_%,sharpe,win_%
5d,baseline,130,7.695384615384616,2.3200000000000003,0.564608155782797,63.84615384615384
5d,volatile_only,130,7.695384615384616,2.3200000000000003,0.564608155782797,63.84615384615384
5d,excl_trending,130,7.695384615384616,2.3200000000000003,0.564608155782797,63.84615384615384
