version,ic_20d,ir_20d,n_weeks_20d,ic_40d,ir_40d,n_weeks_40d,top20_ret_20d,top20_sharpe_20d,top20_ret_40d,top20_sharpe_40d
V1_current,0.029432819803832305,0.5589410233627704,445,-0.002077531572044238,-0.04148934566041878,445,0.02629548857442488,1.4565289172879574,0.08560021104544682,2.7688956342503346
V2_flat,0.02875684885765434,0.5458080162732527,445,0.001159585633432418,0.023108555655585075,445,0.02629548857442488,1.4565289172879574,0.08560021104544682,2.7688956342503346
