regime,fwd,n_picks,ic_v1,ic_v2,ic_delta,ir_v1,ir_v2,top10_ret_v1,top10_ret_v2,top10_delta_ret
trending,fwd_20d,1647,-0.014727089711182084,-0.01366216764905036,-0.0010649220621317245,-0.5322633192193162,-0.4987132004821087,0.012369140620790454,0.008168592105586962,0.004200548515203493
trending,fwd_40d,1647,0.013363781309517887,0.014298607766707976,-0.0009348264571900893,0.47415338773091786,0.519391127021118,0.06799698397012621,0.06663250345584634,0.00136448051427987
ranging,fwd_20d,1947,0.03803807449789594,0.035724176094325086,0.002313898403570852,1.3132155034152435,1.245225540186165,0.03454490379855226,0.03370131848662228,0.0008435853119299827
ranging,fwd_40d,1947,0.06170044636777654,0.0603458247202135,0.0013546216475630382,2.1905445593915416,2.115845023443728,0.060264654464809136,0.05704982585517535,0.003214828609633784
volatile,fwd_20d,3392,0.032521257668658266,0.03250406944155259,1.7188227105675857e-05,1.1073748615182593,1.1073991080552874,0.04997621043752404,0.05137478397542525,-0.0013985735379012099
volatile,fwd_40d,3392,0.002056317749382627,0.0020134580406835135,4.285970869911341e-05,0.06412275412327184,0.06323014649657684,0.08394940081287058,0.08517883683816835,-0.0012294360252977643
neutral,fwd_20d,2277,0.07492744746365176,0.07492744746365176,0.0,2.6967741969509205,2.6967741969509205,0.06274073800019267,0.06274073800019267,0.0
neutral,fwd_40d,2277,0.0775946975218986,0.0775946975218986,0.0,2.907681676833149,2.907681676833149,0.12758942278167354,0.12758942278167354,0.0
