{
  "100% Whale": {
    "name": "100% Whale",
    "cagr": 0.19266603262180748,
    "sharpe": 1.2976744274036944,
    "vol": 0.1440493525916712,
    "mdd": -0.24506690404976803,
    "total": 5.646264859372814,
    "weights": {
      "whale": 1.0,
      "qm": 0.0
    }
  },
  "70% Whale + 30% QM": {
    "name": "70% Whale + 30% QM",
    "cagr": 0.19545622337829416,
    "sharpe": 1.5065708290498,
    "vol": 0.12383587710173065,
    "mdd": -0.2536448337729814,
    "total": 5.815332212208655,
    "weights": {
      "whale": 0.7,
      "qm": 0.3
    }
  },
  "50% Whale + 50% QM": {
    "name": "50% Whale + 50% QM",
    "cagr": 0.19254965198135254,
    "sharpe": 1.3276544388591194,
    "vol": 0.14034256241961077,
    "mdd": -0.2927469966167372,
    "total": 5.639296325507799,
    "weights": {
      "whale": 0.5,
      "qm": 0.5
    }
  },
  "30% Whale + 70% QM": {
    "name": "30% Whale + 70% QM",
    "cagr": 0.1858540178871051,
    "sharpe": 1.0666892892867859,
    "vol": 0.17445129875418192,
    "mdd": -0.3313209923190833,
    "total": 5.249362484452537,
    "weights": {
      "whale": 0.3,
      "qm": 0.7
    }
  },
  "100% QM": {
    "name": "100% QM",
    "cagr": 0.16883070261868283,
    "sharpe": 0.7679054852277423,
    "vol": 0.2418574868197062,
    "mdd": -0.3879963466590165,
    "total": 4.3497048077414115,
    "weights": {
      "whale": 0.0,
      "qm": 1.0
    }
  },
  "TWII (B&H)": {
    "name": "TWII (B&H)",
    "cagr": 0.1108134576775599,
    "sharpe": 0.7701243452427372,
    "vol": 0.1516263853835771,
    "mdd": -0.329259492214839,
    "total": 2.0948683242152715
  }
}